sample_name	longer_sample_name	barcode_sequence	date
18S_JRD429	B9-6/9/23	GCGACGAAGGCT	July_9
18S_JRD430	A3-6/9/23	TTCCGGTATGGA	July_9
18S_JRD431	B7-6/9/23	TGTAGCAGGGCT	July_9
18S_JRD432	B0-6/9/23	TGGACCGTTAGG	July_9
18S_JRD433	C1-6/9/23	GTTTAAGGCGCG	July_9
18S_JRD434	A1-6/9/23	CTGGGTACCATA	July_9
18S_JRD435	A9-6/9/23	ACAGATATTGTA	July_9
18S_JRD436	C9-6/9/23	CCTACCTAAATT	July_9
18S_JRD437	A5-6/9/23	ACTGGTTGAGTC	July_9
18S_JRD438	C2-6/9/23	CGACGTAGAGGC	July_9
18S_JRD439	A0-6/9/23	ATCCTCAGTAGT	July_9
18S_JRD440	C4-6/9/23	AGGAGGTGAATT	July_9
18S_JRD441	A4-6/9/23	CGCATTTATACG	July_9
18S_JRD442	B2-6/9/23	GTGTTGCAGCAT	July_9
18S_JRD443	A7-6/9/23	CAGCGAGCGAGT	July_9
18S_JRD444	C6-6/9/23	ACTACTAAGGAA	July_9
18S_JRD445	C5-6/9/23	TTCATACGGACG	July_9
18S_JRD446	A8-6/9/23	CGTTCCTCACGT	July_9
18S_JRD447	C0-6/9/23	TACAGGGCAACC	July_9
18S_JRD448	C3-6/9/23	TCGGGCTATATG	July_9
18S_JRD449	B5-6/9/23	GATCTCATAGGC	July_9
18S_JRD450	C7-6/9/23	TCCCTTCACTTG	July_9
18S_JRD451	B1-6/9/23	GGAATAAACGTG	July_9
18S_JRD452	B4-6/9/23	TGGCACCGATTA	July_9
18S_JRD453	C8-6/9/23	GGCCATTAGTCA	July_9
18S_JRD454	A2-6/9/23	TCGGGTGTCCCG	July_9
18S_JRD455	A6-6/9/23	TAGTATAGACAG	July_9
18S_JRD456	B3-6/9/23	ATCTCTGGCATA	July_9
18S_JRD457	B6-6/9/23	TCATTCCAAACG	July_9
18S_JRD458	B8-6/9/23	TCATGAGTTCTT	July_9
18S_JRD459	C9-4/12/23	AAGACGATATCA	April_12
18S_JRD460	C2-4/12/23	AGTAGGTCACCG	April_12
18S_JRD461	A9-4/12/23	TATACGCGCATT	April_12
18S_JRD462	B6-4/12/23	TCAAGAATCAAG	April_12
18S_JRD463	A5-3/23/23	CTTCAAGATTTC	March_23
18S_JRD464	C2-3/23/23	GAACTGTATCTC	March_23
18S_JRD465	C9-3/7/23	ATGAGACTCCAC	March_7
18S_JRD466	B4-3/7/23	AAGGTGTAAGGT	March_7
18S_JRD467	A2-3/7/23	CCGGCGAGATTA	March_7
18S_JRD468	A7-4/12/23	TTGCCACTAGAT	April_12
18S_JRD469	B9-3/23/23	GTCGTTAAGCGT	March_23
18S_JRD470	A3-3/23/23	CCATAATCCGTA	March_23
18S_JRD471	C9-3/23/23	TCTTGCATGTAT	March_23
18S_JRD473	C3-3/23/23	TTCTGCACTAAG	March_23
18S_JRD472	A9-3/23/23	CGGCGCAAGATT	March_23
18S_JRD474	C7-3/23/23	TTCCCTGATCCT	March_23
18S_JRD475	A0-3/7/23	ACCCTAGTTATT	March_7
18S_JRD476	B5-3/7/23	GCTGCTGCAATA	March_7
18S_JRD477	B0-3/7/23	CTTAGCACATCA	March_7
18S_JRD478	B9-3/7/23	ATGGTCTACTAC	March_7
18S_JRD479	C2-3/7/23	ACGATCTTTACT	March_7
18S_JRD480	C4-3/7/23	GGCGAGGGCGAG	March_7
18S_JRD481	B6-3/23/23	TGTCGAAAGAGA	March_23
18S_JRD482	C6-3/7/23	TGCTCAGTATGT	March_7
18S_JRD483	B0-3/23/23	CATCGTATCAAC	March_23
18S_JRD484	A3-3/7/23	GACAGCGTTGAC	March_7
18S_JRD485	A1-3/7/23	TGTAGGGTCTCA	March_7
18S_JRD486	A4-3/7/23	CTTACACCAAGT	March_7
18S_JRD487	A7-3/7/23	ATGATACGTAAT	March_7
18S_JRD488	B6-3/7/23	GTAGACTGCGTG	March_7
18S_JRD489	A9-3/7/23	ATGGCGTGCACA	March_7
18S_JRD490	B1-3/7/23	CTTCTTGTCCGG	March_7
18S_JRD491	C1-3/7/23	AGCGTCCAGCAA	March_7
18S_JRD492	B8-3/7/23	ACCGCGTTAGTA	March_7
18S_JRD493	B7-3/7/23	AGGTGTGATCGC	March_7
18S_JRD494	A7-3/23/23	TTAGTGCGTTTG	March_23
18S_JRD495	C0-3/7/23	TCAACCCTCTTC	March_7
18S_JRD496	B7-3/23/23	ACAGACCACTCA	March_23
18S_JRD497	B2-3/23/23	GCCTTTGTGTAA	March_23
18S_JRD498	A1-3/23/23	CAAATGCGTCGT	March_23
18S_JRD499	A5-3/7/23	TGCGCTTGGATA	March_7
18S_JRD500	C8-3/7/23	GCTCTTGGCTCT	March_7
18S_JRD501	A8-3/7/23	TGCTTGCTCACC	March_7
18S_JRD502	C3-3/7/23	AGGGTATATTTA	March_7
18S_JRD503	B3-3/7/23	TAGGGTCCGCAA	March_7
18S_JRD504	C1-3/23/23	CATTTGGACGAC	March_23
18S_JRD505	A6-3/7/23	AGCGACTGTGCA	March_7
18S_JRD506	C6-3/23/23	CGGCCACAGTAA	March_23
18S_JRD507	A8-3/23/23	TGTTCATGAACC	March_23
18S_JRD508	B2-3/7/23	GAATTATTGTTA	March_7
18S_JRD509	A0-3/23/23	ACGTTTAATAAG	March_23
18S_JRD510	B8-3/23/23	GAATCTTCGAGC	March_23
18S_JRD511	C4-3/23/23	ACCAATCAAATA	March_23
18S_JRD512	A2-3/23/23	GTCACTTTGACA	March_23
18S_JRD513	B1-3/23/23	ACTAATACATAG	March_23
18S_JRD514	C5-3/7/23	TCACACGGGAGT	March_7
18S_JRD515	C7-3/7/23	ATTGCTATACCG	March_7
18S_JRD516	B3-3/23/23	CTGAGCAGAGTC	March_23
18S_JRD517	B5-3/23/23	CTGGAGCATGAC	March_23
18S_JRD518	B4-3/23/23	ATACCTTCGGTA	March_23
18S_JRD519	A8-3/23/23	TACTCATACTCA	March_23
18S_JRD520	C0-3/23/23	TGCTGAACCATT	March_23
18S_JRD521	A6-3/23/23	GAGTACTGGTTC	March_23
18S_JRD522	C5-3/23/23	TGTATGGGTGCG	March_23
18S_JRD523	C8-3/23/23	CGATTATGGCAC	March_23
18S_JRD524	C3-4/12/23	CTAAGTAAGAGT	April_12
18S_JRD525	B7-5/3/23	GGTCATGCGAGG	May_3
18S_JRD526	C3-5/3/23	TGCCGTTACGCC	May_3
18S_JRD527	A1-5/3/23	GGACTTCCTCGC	May_3
18S_JRD528	B4-5/3/23	ATCCCGAATTTG	May_3
18S_JRD529	B9-5/3/23	AGGGAGACACAA	May_3
18S_JRD530	C1-5/3/23	GTGTCTACATTG	May_3
18S_JRD531	C8-5/3/23	CGGTTAGTGGTT	May_3
18S_JRD532	B5-5/3/23	CTCCTGAAAGTT	May_3
18S_JRD533	A3-5/3/23	TTCCTGTCCTGG	May_3
18S_JRD534	C7-5/3/23	GCAACGCCGCGC	May_3
18S_JRD535	B8-5/3/23	TGTGCAAGCGAC	May_3
18S_JRD536	B2-5/3/23	CGACTAGGCGGA	May_3
18S_JRD537	B6-5/3/23	AATACTTGCGCG	May_3
18S_JRD538	C4-5/3/23	CAGGTCTGTATT	May_3
18S_JRD539	A9-5/3/23	TCGCACTTGTCC	May_3
18S_JRD540	C9-5/3/23	ATCCAGACCGTA	May_3
18S_JRD541	B3-5/3/23	TAACGAACTGAA	May_3
18S_JRD542	A2-5/3/23	GTTGAGACGCGG	May_3
18S_JRD543	B1-5/3/23	ATTATACCTCGG	May_3
18S_JRD544	A7-5/3/23	TCGAGCGAATCT	May_3
18S_JRD545	C5-5/3/23	CCAGAGCGGCAA	May_3
18S_JRD546	C0-5/3/23	CCTGAGAAGTCT	May_3
18S_JRD547	A5-5/3/23	GACTCCGCAAGA	May_3
18S_JRD548	C2-5/3/23	GACAGGAGATAG	May_3
18S_JRD549	B0-5/3/23	AAGGAGCGCCTT	May_3
18S_JRD550	A8-5/3/23	CTCGATTAGATC	May_3
18S_JRD551	C6-5/3/23	CGTGTACATCAG	May_3
18S_JRD552	A0-5/3/23	CTTCGAATACGT	May_3
18S_JRD553	A6-5/3/23	ATTCTTAACGTC	May_3
18S_JRD554	A4-5/3/23	GAAACTCCACCA	May_3
18S_JRD555	B3-4/12/23	TTGCCTTGTTAA	April_12
18S_JRD556	B7-4/12/23	ACTTATGCGGTT	April_12
18S_JRD557	A8-4/12/23	TGATCGTTGTGG	April_12
18S_JRD558	A5-4/12/23	TTAATGAGAACT	April_12
18S_JRD559	A1-4/12/23	TACAGATGGCTC	April_12
18S_JRD560	C6-4/12/23	CACTGGTATATC	April_12
18S_JRD561	A2-4/12/23	TCCCTCATTGCG	April_12
18S_JRD562	C1-4/12/23	CTGCGGCTGCGG	April_12
18S_JRD563	B9-4/12/23	GACAAGGCTCCA	April_12
18S_JRD564	A3-4/12/23	TCGGATAAGTAA	April_12
18S_JRD565	B0-4/12/23	TGAAGGTCCCAT	April_12
18S_JRD566	C4-4/12/23	CCGATTATCGGA	April_12
18S_JRD567	B1-4/12/23	TGTGTGTGACTT	April_12
18S_JRD568	B4-4/12/23	GCTCGCTACTTC	April_12
18S_JRD569	C0-4/12/23	CCGGAGATGGTG	April_12
18S_JRD570	A6-4/12/23	TGCCCTCGACAC	April_12
18S_JRD571	C8-4/12/23	CCACGTGTGGAA	April_12
18S_JRD572	A4-4/12/23	GTGGTGGATTCT	April_12
18S_JRD573	C7-4/12/23	ACATAACGCCGT	April_12
18S_JRD574	B8-4/12/23	CCTGCACGGTTC	April_12
18S_JRD575	A0-4/12/23	TCTAAGGCACGT	April_12
18S_JRD576	B5-4/12/23	CGGACTACAACT	April_12
18S_JRD577	C5-4/12/23	ATTGAAGTCCCT	April_12
18S_JRD578	B2-4/12/23	TGCTTCTGGCCG	April_12